{
  "config1_auc": 0.8759431435187992,
  "config2_auc": 0.8759847052453968,
  "best_config": "Config 2",
  "best_auc": 0.8759847052453968
}